,index,population,age,D_Median,D_l_CI,D_u_CI,H_Median,H_l_CI,H_u_CI,pvalue
0,Qall,4cm,Young CHIM,54598.7619047619,26096.27553645472,82697.59514824797,57922.5961538462,34412.532381438046,93537.05950653121,0.07598886638879776
0,Qall,4cm,Old CHIM,125933.117647059,52536.91598224197,191705.30534192445,60055.1067961165,17688.57086268568,116525.93188235299,1.1354684829711914e-05
0,Qall,4em,Young CHIM,253632.5,145305.7598039216,612746.8871588202,489723.057324841,297330.5935550938,728665.0402588065,1.8388032913208008e-05
0,Qall,4em,Old CHIM,751852.214212152,462733.8879858657,1184566.769174316,615027.058823529,272416.5119573419,838205.8819512823,0.0009199380874633789
1,Ki67frac,4cm,Young CHIM,0.515631030490158,0.4256251089039902,0.601726239883198,0.321624588364435,0.2566996295918718,0.39687456136066696,3.725290298461914e-09
1,Ki67frac,4cm,Old CHIM,0.372062231049321,0.3052454326605985,0.4490158089778586,0.343534812547819,0.25024271665791104,0.4429385441831541,0.0005356669425964355
1,Ki67frac,4em,Young CHIM,0.275424401078851,0.18587873911504482,0.337420716138039,0.148926480156148,0.1171678553264484,0.2121402156781296,7.450580596923828e-09
1,Ki67frac,4em,Old CHIM,0.233358062993188,0.19258750896001792,0.2672993437673164,0.161777910805148,0.11869946329295719,0.22586530914352348,1.4901161193847656e-08
