,index,population,age,D_MAP,D_l_CI,D_u_CI,H_MAP,H_l_CI,H_u_CI,pvalue
0,Qall,4cm,Young CHIM,54450.586481453676,26096.27553645472,82697.59514824797,53303.626441609944,34412.532381438046,93537.05950653121,0.5462048783319443
0,Qall,4cm,Old CHIM,132942.49232059385,52536.91598224197,191705.30534192445,61526.38370803509,17688.57086268568,116525.93188235299,4.4383101120678554e-05
0,Qall,4em,Young CHIM,242734.55608032146,145305.7598039216,612746.8871588202,509411.05113905284,297330.5935550938,728665.0402588065,0.00012704673913294052
0,Qall,4em,Old CHIM,775597.9233457864,462733.8879858657,1184566.769174316,613432.3037608484,272416.5119573419,838205.8819512823,0.00017626027910464412
1,Ki67frac,4cm,Young CHIM,0.5123543549662051,0.4256251089039902,0.601726239883198,0.3249937656399501,0.2566996295918718,0.39687456136066696,3.812813138039985e-15
1,Ki67frac,4cm,Old CHIM,0.3775116350038898,0.3052454326605985,0.4490158089778586,0.3409787321791439,0.25024271665791104,0.4429385441831541,0.0005339678325617911
1,Ki67frac,4em,Young CHIM,0.28353316890133773,0.18587873911504482,0.337420716138039,0.14271389784916752,0.1171678553264484,0.2121402156781296,2.67483317638809e-10
1,Ki67frac,4em,Old CHIM,0.23659333372298644,0.19258750896001792,0.2672993437673164,0.15667796809234436,0.11869946329295719,0.22586530914352348,9.067138640039355e-12
