,index,population,ADH,Y_Median,Y_l_CI,Y_u_CI,O_Median,O_l_CI,O_u_CI,pvalue
0,Qall,4cm,Host,57922.5961538462,34412.532381438046,93537.05950653121,60055.1067961165,17688.57086268568,116525.93188235299,0.9036119592653111
0,Qall,4cm,Donor,54598.7619047619,26096.27553645472,82697.59514824797,125933.117647059,52536.91598224197,191705.30534192445,6.322902111531391e-06
0,Qall,4em,Host,489723.057324841,297330.5935550938,728665.0402588065,615027.058823529,272416.5119573419,838205.8819512823,0.0805857239507333
0,Qall,4em,Donor,253632.5,145305.7598039216,612746.8871588202,751852.214212152,462733.8879858657,1184566.769174316,5.539679472062115e-09
1,Ki67frac,4cm,Host,0.321624588364435,0.2566996295918718,0.39687456136066696,0.343534812547819,0.25024271665791104,0.4429385441831541,0.11947098677170075
1,Ki67frac,4cm,Donor,0.515631030490158,0.4256251089039902,0.601726239883198,0.372062231049321,0.3052454326605985,0.4490158089778586,2.958365578987976e-09
1,Ki67frac,4em,Host,0.148926480156148,0.1171678553264484,0.2121402156781296,0.161777910805148,0.11869946329295719,0.22586530914352348,0.3240846998759034
1,Ki67frac,4em,Donor,0.275424401078851,0.18587873911504482,0.337420716138039,0.233358062993188,0.19258750896001792,0.2672993437673164,0.002610792248819605
